{"_id":"XDNcPeSiwXKAQnic","welcomeList":["点击图片可预览"],"indexTitle":"麋鹿择音","wordsTitle":"麋鹿择音","bottomTitle":"—— 麋鹿择音 ——","adminList":["oD4WH5CVd9uBQodCTfeSV8ci_YdY","opqjs0FbI6wS8_BoMYcAr0iB-8nc"],"rewardImgUrl":"http://img.moonsic.cn/zanshangma.png","aboutUsText":"青山过往，露水沾身。麋鹿择音，可笑此生？","shareImageUrl":"http://img.moonsic.cn/sixShareImage.png","shareListImageUrl":"http://img.moonsic.cn/sixShareListImage.png","shareTitle":"分享","QQgroup":"683224067","rewardList":["点击图片后长按即可识别赞赏码~","感谢支持！"],"shareNum":{"$numberLong":"0"},"logList":[{"version":" 1.0.5","__keyPath":{"date":true,"version":true},"date":"2019/02/21","descList":["第一版正式发布"]}],"isOpenCommentList":true,"isOpenWelcomeList":true,"isOpenHiddenList":true}
